species,source,records,timestamp
bombus_inexspectatus,GBIF,89,2025-12-05T18:33:05Z
bombus_inexspectatus,GBIF,89,2025-12-05T18:38:54Z
bombus_inexspectatus,GBIF,89,2025-12-05T18:40:57Z
bombus_inexspectatus,GBIF,89,2025-12-05T18:58:26Z
bombus_inexspectatus,Atlas Hymenoptera,185,2025-12-05T18:58:26Z
bombus_inexspectatus,Atlas Hymenoptera,183,2025-12-05T19:09:51Z
bombus_inexspectatus,GBIF,89,2025-12-05T19:17:19Z
bombus_inexspectatus,Atlas Hymenoptera,185,2025-12-05T19:17:19Z
bombus_inexspectatus,GBIF,89,2025-12-05T19:18:14Z
bombus_inexspectatus,Atlas Hymenoptera,183,2025-12-05T19:31:57Z
bombus_inexspectatus,GBIF,89,2025-12-05T20:36:22Z
bombus_inexspectatus,Atlas Hymenoptera,183,2025-12-05T20:55:41Z
